NDC,DRUG_NAME,STRENGTH_DESCRIPTION,ADF
00034051410,MS CONTIN,15 MG,0
00034051510,MS CONTIN,30 MG,0
00034051550,MS CONTIN,30 MG,0
00034051590,MS CONTIN,30 MG,0
00034051610,MS CONTIN,60 MG,0
00034051710,MS CONTIN,100 MG,0
00054479025,ORAMORPH SR,15 MG,0
00054479225,ORAMORPH SR,60 MG,0
00054479325,ORAMORPH SR,100 MG,0
00054480525,ORAMORPH SR,30 MG,0
00062065330,ULTRAM ER,100 MG,0
00062065530,ULTRAM ER,200 MG,0
00062065730,ULTRAM ER,300 MG,0
00093002401,OXYCODONE HCL,10 MG,0
00093003101,OXYCODONE HCL,20 MG,0
00093003201,OXYCODONE HCL,40 MG,0
00093003301,OXYCODONE HCL,80 MG,0
00093573101,OXYCODONE HCL,10 MG,1
00093573201,OXYCODONE HCL,20 MG,1
00093573301,OXYCODONE HCL,40 MG,1
00093573401,OXYCODONE HCL,80 MG,1
00093690045,FENTANYL TRANSDERMAL SYSTEM,25 MCG/1 HR,0
00093690145,FENTANYL TRANSDERMAL SYSTEM,50 MCG/1 HR,0
00093690245,FENTANYL TRANSDERMAL SYSTEM,75 MCG/1 HR,0
00093690345,FENTANYL TRANSDERMAL SYSTEM,100 MCG/1 HR,0
00115123101,OXYMORPHONE HCL,5 MG,0
00115123113,OXYMORPHONE HCL,5 MG,0
00115123201,OXYMORPHONE HCL,10 MG,0
00115123213,OXYMORPHONE HCL,10 MG,0
00115123301,OXYMORPHONE HCL,20 MG,0
00115123313,OXYMORPHONE HCL,20 MG,0
00115123401,OXYMORPHONE HCL,40 MG,0
00115123413,OXYMORPHONE HCL,40 MG,0
00115127701,MORPHINE SULFATE,20 MG,0
00115127801,MORPHINE SULFATE,30 MG,0
00115127901,MORPHINE SULFATE,50 MG,0
00115128001,MORPHINE SULFATE,60 MG,0
00115128101,MORPHINE SULFATE,80 MG,0
00115128201,MORPHINE SULFATE,100 MG,0
00115131501,OXYMORPHONE HCL,7.5 MG,0
00115131513,OXYMORPHONE HCL,7.5 MG,0
00115131601,OXYMORPHONE HCL,15 MG,0
00115131613,OXYMORPHONE HCL,15 MG,0
00115131701,OXYMORPHONE HCL,30 MG,0
00115131713,OXYMORPHONE HCL,30 MG,0
00115155601,OXYCODONE HCL,10 MG,1
00115155701,OXYCODONE HCL,15 MG,1
00115155801,OXYCODONE HCL,20 MG,1
00115155901,OXYCODONE HCL,30 MG,1
00115156001,OXYCODONE HCL,40 MG,1
00115156101,OXYCODONE HCL,60 MG,1
00115156201,OXYCODONE HCL,80 MG,1
00115164401,OXYCODONE HCL,80 MG,0
00172635460,OXYCODONE HCL,10 MG,0
00172635560,OXYCODONE HCL,20 MG,0
00172635660,OXYCODONE HCL,40 MG,0
00172635760,OXYCODONE HCL,80 MG,0
00228309011,MORPHINE SULFATE,30 MG,0
00228309111,MORPHINE SULFATE,60 MG,0
00228309211,MORPHINE SULFATE,90 MG,0
00228309311,MORPHINE SULFATE,120 MG,0
00228311611,MORPHINE SULFATE,45 MG,0
00228311711,MORPHINE SULFATE,75 MG,0
00228322706,OXYMORPHONE HCL,5 MG,0
00228322711,OXYMORPHONE HCL,5 MG,0
00228322806,OXYMORPHONE HCL,10 MG,0
00228322811,OXYMORPHONE HCL,10 MG,0
00228322906,OXYMORPHONE HCL,20 MG,0
00228322911,OXYMORPHONE HCL,20 MG,0
00228323006,OXYMORPHONE HCL,40 MG,0
00228323011,OXYMORPHONE HCL,40 MG,0
00228326111,OXYMORPHONE HCL,7.5 MG,0
00228326206,OXYMORPHONE HCL,15 MG,0
00228326211,OXYMORPHONE HCL,15 MG,0
00228326306,OXYMORPHONE HCL,30 MG,0
00228326311,OXYMORPHONE HCL,30 MG,0
00228350106,MORPHINE SULFATE,10 MG,0
00228350111,MORPHINE SULFATE,10 MG,0
00228350206,MORPHINE SULFATE,20 MG,0
00228350211,MORPHINE SULFATE,20 MG,0
00228350306,MORPHINE SULFATE,30 MG,0
00228350311,MORPHINE SULFATE,30 MG,0
00228350406,MORPHINE SULFATE,50 MG,0
00228350411,MORPHINE SULFATE,50 MG,0
00228350506,MORPHINE SULFATE,60 MG,0
00228350511,MORPHINE SULFATE,60 MG,0
00228350606,MORPHINE SULFATE,80 MG,0
00228350611,MORPHINE SULFATE,80 MG,0
00228350706,MORPHINE SULFATE,100 MG,0
00228350711,MORPHINE SULFATE,100 MG,0
00228427011,MORPHINE SULFATE,15 MG,0
00228427111,MORPHINE SULFATE,30 MG,0
00228431111,MORPHINE SULFATE,60 MG,0
00228432311,MORPHINE SULFATE,100 MG,0
00228434711,MORPHINE SULFATE,200 MG,0
00245042005,FENTANYL TRANSDERMAL SYSTEM,25 MCG/1 HR,0
00245042105,FENTANYL TRANSDERMAL SYSTEM,50 MCG/1 HR,0
00245042205,FENTANYL TRANSDERMAL SYSTEM,75 MCG/1 HR,0
00245042305,FENTANYL TRANSDERMAL SYSTEM,100 MCG/1 HR,0
00378265801,MORPHINE SULFATE,15 MG,0
00378265901,MORPHINE SULFATE,30 MG,0
00378266001,MORPHINE SULFATE,60 MG,0
00378266101,MORPHINE SULFATE,100 MG,0
00378266201,MORPHINE SULFATE,200 MG,0
00378415293,TRAMADOL HCL,100 MG,0
00378415393,TRAMADOL HCL,200 MG,0
00378415493,TRAMADOL HCL,300 MG,0
00378911916,FENTANYL,12 MCG/1 HR,0
00378911998,FENTANYL,12 MCG/1 HR,0
00378912198,FENTANYL,25 MCG/1 HR,0
00378912216,FENTANYL,50 MCG/1 HR,0
00378912298,FENTANYL,50 MCG/1 HR,0
00378912398,FENTANYL,75 MCG/1 HR,0
00378912498,FENTANYL,100 MCG/1 HR,0
00378912598,FENTANYL,37.5 MCG/1 HR,0
00378912698,FENTANYL,62.5 MCG/1 HR,0
00378912798,FENTANYL,87.5 MCG/1 HR,0
00406059301,OXYCODONE HCL,10 MG,0
00406059401,OXYCODONE HCL,20 MG,0
00406059501,OXYCODONE HCL,40 MG,0
00406059601,OXYCODONE HCL,80 MG,0
00406330801,HYDROMORPHONE HCL,8 MG,0
00406331201,HYDROMORPHONE HCL,12 MG,0
00406331601,HYDROMORPHONE HCL,16 MG,0
00406333201,HYDROMORPHONE HCL,32 MG,0
00406831501,MORPHINE SULFATE,15 MG,0
00406831505,MORPHINE SULFATE,15 MG,0
00406831562,MORPHINE SULFATE,15 MG,0
00406832001,MORPHINE SULFATE,200 MG,0
00406833001,MORPHINE SULFATE,30 MG,0
00406833005,MORPHINE SULFATE,30 MG,0
00406833023,MORPHINE SULFATE,30 MG,0
00406833062,MORPHINE SULFATE,30 MG,0
00406838001,MORPHINE SULFATE,60 MG,0
00406838005,MORPHINE SULFATE,60 MG,0
00406838062,MORPHINE SULFATE,60 MG,0
00406839001,MORPHINE SULFATE,100 MG,0
00406839062,MORPHINE SULFATE,100 MG,0
00406900076,FENTANYL TRANSDERMAL SYSTEM,100 MCG/1 HR,0
00406901276,FENTANYL TRANSDERMAL SYSTEM,12 MCG/1 HR,0
00406902576,FENTANYL TRANSDERMAL SYSTEM,25 MCG/1 HR,0
00406905076,FENTANYL TRANSDERMAL SYSTEM,50 MCG/1 HR,0
00406907576,FENTANYL TRANSDERMAL SYSTEM,75 MCG/1 HR,0
00574029301,HYDROMORPHONE HCL,8 MG,0
00574029401,HYDROMORPHONE HCL,12 MG,0
00574029501,HYDROMORPHONE HCL,16 MG,0
00574029701,HYDROMORPHONE HCL,32 MG,0
00591061701,MORPHINE SULFATE,100 MG,0
00591269301,OXYCODONE HCL,40 MG,1
00591270801,OXYCODONE HCL,80 MG,1
00591319854,FENTANYL TRANSDERMAL SYSTEM,25 MCG/1 HR,0
00591319872,FENTANYL TRANSDERMAL SYSTEM,25 MCG/1 HR,0
00591321254,FENTANYL TRANSDERMAL SYSTEM,50 MCG/1 HR,0
00591321272,FENTANYL TRANSDERMAL SYSTEM,50 MCG/1 HR,0
00591321354,FENTANYL TRANSDERMAL SYSTEM,75 MCG/1 HR,0
00591321372,FENTANYL TRANSDERMAL SYSTEM,75 MCG/1 HR,0
00591321472,FENTANYL TRANSDERMAL SYSTEM,100 MCG/1 HR,0
00591344901,MORPHINE SULFATE,20 MG,0
00591345001,MORPHINE SULFATE,30 MG,0
00591345101,MORPHINE SULFATE,50 MG,0
00591345201,MORPHINE SULFATE,60 MG,0
00591345301,MORPHINE SULFATE,100 MG,0
00591350101,OXYCODONE HCL,10 MG,0
00591350201,OXYCODONE HCL,20 MG,0
00591350301,OXYCODONE HCL,40 MG,0
00591350401,OXYCODONE HCL,80 MG,0
00591351101,MORPHINE SULFATE,15 MG,0
00591351201,MORPHINE SULFATE,30 MG,0
00591351301,MORPHINE SULFATE,60 MG,0
00591351401,MORPHINE SULFATE,100 MG,0
00591351501,MORPHINE SULFATE,200 MG,0
00591357601,MORPHINE SULFATE,80 MG,0
00591360072,FENTANYL NOVAPLUS,25 MCG/1 HR,0
00591360172,FENTANYL NOVAPLUS,50 MCG/1 HR,0
00591360372,FENTANYL NOVAPLUS,100 MCG/1 HR,0
00591362901,HYDROMORPHONE HCL,8 MG,0
00591363001,HYDROMORPHONE HCL,16 MG,0
00591363101,HYDROMORPHONE HCL,32 MG,0
00591373901,HYDROMORPHONE HCL,12 MG,0
00591374001,MORPHINE SULFATE,15 MG,0
00591374101,MORPHINE SULFATE,30 MG,0
00591374201,MORPHINE SULFATE,60 MG,0
00591374301,MORPHINE SULFATE,100 MG,0
00591374401,MORPHINE SULFATE,200 MG,0
00781570301,OXYCODONE HCL,10 MG,1
00781572601,OXYCODONE HCL,20 MG,1
00781576701,OXYCODONE HCL,40 MG,1
00781578501,OXYCODONE HCL,80 MG,1
00781710955,FENTANYL TRANSDERMAL SYSTEM,12 MCG/1 HR,0
00781711155,FENTANYL,25 MCG/1 HR,0
00781711255,FENTANYL,50 MCG/1 HR,0
00781711355,FENTANYL,75 MCG/1 HR,0
00781711455,FENTANYL,100 MCG/1 HR,0
00781724055,FENTANYL TRANSDERMAL SYSTEM,12 MCG/1 HR,0
00781724155,FENTANYL TRANSDERMAL SYSTEM,25 MCG/1 HR,0
00781724255,FENTANYL TRANSDERMAL SYSTEM,50 MCG/1 HR,0
00781724355,FENTANYL TRANSDERMAL SYSTEM,75 MCG/1 HR,0
00781724455,FENTANYL TRANSDERMAL SYSTEM,100 MCG/1 HR,0
00832022500,MORPHINE SULFATE,10 MG,0
00832022600,MORPHINE SULFATE,20 MG,0
00832022700,MORPHINE SULFATE,30 MG,0
00832022800,MORPHINE SULFATE,50 MG,0
00832022900,MORPHINE SULFATE,60 MG,0
00832023000,MORPHINE SULFATE,80 MG,0
00832023300,MORPHINE SULFATE,100 MG,0
10147090103,TRAMADOL HCL,100 MG,0
10147090203,TRAMADOL HCL,200 MG,0
10147090303,TRAMADOL HCL,300 MG,0
10370022111,TRAMADOL HCL,100 MG,0
10370022211,TRAMADOL HCL,200 MG,0
10370022311,TRAMADOL HCL,300 MG,0
10544041660,MORPHINE SULFATE,60 MG,0
13811068930,TRAMADOL HCL,100 MG,0
13811069030,TRAMADOL HCL,200 MG,0
13811069130,TRAMADOL HCL,300 MG,0
13811070210,HYDROMORPHONE HCL,12 MG,0
13811070410,HYDROMORPHONE HCL,32 MG,0
16590025330,RYZOLT,100 MG,0
16590059390,AVINZA,60 MG,0
21695091330,ULTRAM ER,300 MG,0
23635011501,XARTEMIS XR,325 MG-7.5 MG,0
23635040801,EXALGO,8 MG,0
23635041201,EXALGO,12 MG,0
23635041601,EXALGO,16 MG,0
23635043201,EXALGO,32 MG,0
24510011010,XTAMPZA ER,9 MG,1
24510011510,XTAMPZA ER,13.5 MG,1
24510012010,XTAMPZA ER,18 MG,1
24510013010,XTAMPZA ER,27 MG,1
24510014010,XTAMPZA ER,36 MG,1
35356004800,KADIAN,20 MG,0
35356004900,KADIAN,30 MG,0
35356005000,KADIAN,50 MG,0
35356005100,KADIAN,60 MG,0
35356005630,ULTRAM ER,300 MG,0
35356005690,ULTRAM ER,300 MG,0
35356009030,OXYCONTIN,10 MG,0
35356038830,OPANA ER,10 MG,0
35356038860,OPANA ER,10 MG,0
35356038930,OPANA ER,20 MG,0
35356039030,OPANA ER,15 MG,0
35356039060,OPANA ER,15 MG,0
35356039130,OPANA ER,40 MG,0
35356040090,OXYCONTIN,80 MG,0
35356040330,OPANA ER,30 MG,0
35356040360,OPANA ER,30 MG,0
35356044430,OXYCONTIN,60 MG,0
35356054930,EMBEDA,60 MG-2.4 MG,1
35356055130,EMBEDA,20 MG-0.8 MG,1
35356055230,EMBEDA,30 MG-1.2 MG,1
42858051501,MS CONTIN,15 MG,0
42858080101,MORPHINE SULFATE,15 MG,0
42858080201,MORPHINE SULFATE,30 MG,0
42858080301,MORPHINE SULFATE,60 MG,0
42858080401,MORPHINE SULFATE,100 MG,0
42858080501,MORPHINE SULFATE,200 MG,0
42858090103,TRAMADOL HCL,100 MG,0
42858090203,TRAMADOL HCL,200 MG,0
42858090303,TRAMADOL HCL,300 MG,0
43063027260,MORPHINE SULFATE,15 MG,0
43063027460,MORPHINE SULFATE,30 MG,0
43376021010,ZOHYDRO ER,10 MG,0
43376021510,ZOHYDRO ER,15 MG,0
43376022010,ZOHYDRO ER,20 MG,0
43376023010,ZOHYDRO ER,30 MG,0
43376024010,ZOHYDRO ER,40 MG,0
43376025010,ZOHYDRO ER,50 MG,0
43376031060,ZOHYDRO ER,10 MG,0
43376031560,ZOHYDRO ER,15 MG,0
43376032060,ZOHYDRO ER,20 MG,0
43376033060,ZOHYDRO ER,30 MG,0
43376034060,ZOHYDRO ER,40 MG,0
43376035060,ZOHYDRO ER,50 MG,0
43386054001,MORPHINE SULFATE,15 MG,0
43386054101,MORPHINE SULFATE,30 MG,0
43386054201,MORPHINE SULFATE,60 MG,0
43386054301,MORPHINE SULFATE,100 MG,0
46987032211,KADIAN,20 MG,0
46987032311,KADIAN,50 MG,0
46987032411,KADIAN,100 MG,0
46987032511,KADIAN,30 MG,0
46987032611,KADIAN,60 MG,0
46987032711,KADIAN,40 MG,0
46987032811,KADIAN,70 MG,0
46987037711,KADIAN,200 MG,0
46987041011,KADIAN,10 MG,0
46987041211,KADIAN,80 MG,0
47335053183,TRAMADOL HCL,100 MG,0
47335053188,TRAMADOL HCL,100 MG,0
47335053383,TRAMADOL HCL,200 MG,0
47335053388,TRAMADOL HCL,200 MG,0
47335053783,TRAMADOL HCL,300 MG,0
47335085983,TRAMADOL HCL,100 MG,0
47335086083,TRAMADOL HCL,200 MG,0
47335086183,TRAMADOL HCL,300 MG,0
47781042347,FENTANYL TRANSDERMAL SYSTEM,12 MCG/1 HR,0
47781042447,FENTANYL TRANSDERMAL SYSTEM,25 MCG/1 HR,0
47781042647,FENTANYL TRANSDERMAL SYSTEM,50 MCG/1 HR,0
47781042747,FENTANYL TRANSDERMAL SYSTEM,75 MCG/1 HR,0
47781042847,FENTANYL TRANSDERMAL SYSTEM,100 MCG/1 HR,0
49884013601,OXYCODONE HCL,10 MG,1
49884013701,OXYCODONE HCL,20 MG,1
49884013801,OXYCODONE HCL,40 MG,1
49884019701,OXYCODONE HCL,80 MG,1
49884066501,MORPHINE SULFATE,20 MG,0
49884066601,MORPHINE SULFATE,30 MG,0
49884066701,MORPHINE SULFATE,50 MG,0
49884066801,MORPHINE SULFATE,60 MG,0
49884066901,MORPHINE SULFATE,80 MG,0
49884067001,MORPHINE SULFATE,100 MG,0
49884076178,FENTANYL TRANSDERMAL SYSTEM,25 MCG/1 HR,0
49884076278,FENTANYL TRANSDERMAL SYSTEM,50 MCG/1 HR,0
49884076352,FENTANYL TRANSDERMAL SYSTEM,75 MCG/1 HR,0
49884076378,FENTANYL TRANSDERMAL SYSTEM,75 MCG/1 HR,0
49884076478,FENTANYL TRANSDERMAL SYSTEM,100 MCG/1 HR,0
49884082111,TRAMADOL HCL,100 MG,0
49884082211,TRAMADOL HCL,200 MG,0
49884082311,TRAMADOL HCL,300 MG,0
49884083301,MORPHINE SULFATE,20 MG,0
49884083401,MORPHINE SULFATE,30 MG,0
49884083501,MORPHINE SULFATE,50 MG,0
49884083601,MORPHINE SULFATE,60 MG,0
49884083701,MORPHINE SULFATE,80 MG,0
49884083801,MORPHINE SULFATE,100 MG,0
49999085630,OXYCONTIN,40 MG,0
49999085690,OXYCONTIN,40 MG,0
49999085790,OXYCONTIN,80 MG,0
49999089630,ULTRAM ER,200 MG,0
50458003305,DURAGESIC,25 MCG/1 HR,0
50458003405,DURAGESIC,50 MCG/1 HR,0
50458003505,DURAGESIC,75 MCG/1 HR,0
50458003605,DURAGESIC,100 MCG/1 HR,0
50458003705,DURAGESIC,12 MCG/1 HR,0
50458009005,DURAGESIC,12 MCG/1 HR,0
50458009105,DURAGESIC,25 MCG/1 HR,0
50458009205,DURAGESIC,50 MCG/1 HR,0
50458009305,DURAGESIC,75 MCG/1 HR,0
50458009405,DURAGESIC,100 MCG/1 HR,0
50458065330,ULTRAM ER,100 MG,0
50458065530,ULTRAM ER,200 MG,0
50458065730,ULTRAM ER,300 MG,0
50458086001,NUCYNTA ER,50 MG,0
50458086101,NUCYNTA ER,100 MG,0
50458086201,NUCYNTA ER,150 MG,0
50458086301,NUCYNTA ER,200 MG,0
50458086401,NUCYNTA ER,250 MG,0
51862018501,MORPHINE SULFATE,15 MG,0
51862018601,MORPHINE SULFATE,30 MG,0
51862018701,MORPHINE SULFATE,60 MG,0
51862018801,MORPHINE SULFATE,100 MG,0
51862031478,FENTANYL TRANSDERMAL SYSTEM,25 MCG/1 HR,0
52152040802,OXYCODONE HCL,10 MG,0
52152040902,OXYCODONE HCL,20 MG,0
52152041002,OXYCODONE HCL,40 MG,0
52152041102,OXYCODONE HCL,80 MG,0
52544001160,KADIAN,10 MG,0
52544003260,KADIAN,30 MG,0
52544003960,KADIAN,40 MG,0
52544005260,KADIAN,50 MG,0
52544006360,KADIAN,60 MG,0
52544016460,KADIAN,100 MG,0
52544021160,KADIAN,20 MG,0
52544089660,KADIAN,80 MG,0
54868039501,OXYCODONE HCL,20 MG,0
54868039503,OXYCODONE HCL,20 MG,0
54868044100,OXYCODONE HCL,40 MG,0
54868307500,DURAGESIC,100 MCG/1 HR,0
54868307600,DURAGESIC,50 MCG/1 HR,0
54868381300,OXYCONTIN,10 MG,0
54868381301,OXYCONTIN,10 MG,0
54868381302,OXYCONTIN,10 MG,0
54868381400,OXYCONTIN,20 MG,0
54868381401,OXYCONTIN,20 MG,0
54868381404,OXYCONTIN,20 MG,0
54868381501,OXYCONTIN,40 MG,0
54868381504,OXYCONTIN,40 MG,0
54868457100,KADIAN,20 MG,0
54868494100,AVINZA,30 MG,0
54868494401,AVINZA,120 MG,0
54868505401,MORPHINE SULFATE,60 MG,0
54868596602,OXYCONTIN,30 MG,0
54868597000,OXYCONTIN,60 MG,0
58177031004,MORPHINE SULFATE,15 MG,0
58177032004,MORPHINE SULFATE,30 MG,0
58177033004,MORPHINE SULFATE,60 MG,0
58177034004,MORPHINE SULFATE,100 MG,0
58177067704,OXYCODONE HCL,10 MG,0
58177067904,OXYCODONE HCL,20 MG,0
58177068104,OXYCODONE HCL,40 MG,0
58177068304,OXYCODONE HCL,80 MG,0
59011010010,OXYCONTIN,10 MG,0
59011010020,OXYCONTIN,10 MG,0
59011010025,OXYCONTIN,10 MG,0
59011010310,OXYCONTIN,20 MG,0
59011010320,OXYCONTIN,20 MG,0
59011010325,OXYCONTIN,20 MG,0
59011010510,OXYCONTIN,40 MG,0
59011010520,OXYCONTIN,40 MG,0
59011010525,OXYCONTIN,40 MG,0
59011010710,OXYCONTIN,80 MG,0
59011010720,OXYCONTIN,80 MG,0
59011010725,OXYCONTIN,80 MG,0
59011026010,MS CONTIN,15 MG,0
59011026105,MS CONTIN,30 MG,0
59011026125,MS CONTIN,30 MG,0
59011026205,MS CONTIN,60 MG,0
59011026210,MS CONTIN,60 MG,0
59011026310,MS CONTIN,100 MG,0
59011026410,MS CONTIN,200 MG,0
59011027160,HYSINGLA ER,20 MG,1
59011027260,HYSINGLA ER,30 MG,1
59011027360,HYSINGLA ER,40 MG,1
59011027460,HYSINGLA ER,60 MG,1
59011027560,HYSINGLA ER,80 MG,1
59011027660,HYSINGLA ER,100 MG,1
59011027760,HYSINGLA ER,120 MG,1
59011033430,RYZOLT,100 MG,0
59011033530,RYZOLT,200 MG,0
59011033630,RYZOLT,300 MG,0
59011041010,OXYCONTIN,10 MG,1
59011041020,OXYCONTIN,10 MG,1
59011041510,OXYCONTIN,15 MG,1
59011041520,OXYCONTIN,15 MG,1
59011042010,OXYCONTIN,20 MG,1
59011042020,OXYCONTIN,20 MG,1
59011043010,OXYCONTIN,30 MG,1
59011043020,OXYCONTIN,30 MG,1
59011044010,OXYCONTIN,40 MG,0
59011044020,OXYCONTIN,40 MG,1
59011046010,OXYCONTIN,60 MG,1
59011046020,OXYCONTIN,60 MG,1
59011048010,OXYCONTIN,80 MG,0
59011048020,OXYCONTIN,80 MG,1
59011081510,OXYCONTIN,15 MG,0
59011083010,OXYCONTIN,30 MG,0
59011086010,OXYCONTIN,60 MG,0
60505353701,OXYCODONE HCL,10 MG,0
60505353801,OXYCODONE HCL,20 MG,0
60505353901,OXYCODONE HCL,40 MG,0
60505354001,OXYCODONE HCL,80 MG,0
60505700102,FENTANYL TRANSDERMAL SYSTEM,25 MCG/1 HR,0
60505700200,FENTANYL TRANSDERMAL SYSTEM,50 MCG/1 HR,0
60505700202,FENTANYL TRANSDERMAL SYSTEM,50 MCG/1 HR,0
60505700302,FENTANYL TRANSDERMAL SYSTEM,75 MCG/1 HR,0
60505700400,FENTANYL TRANSDERMAL SYSTEM,100 MCG/1 HR,0
60505700402,FENTANYL TRANSDERMAL SYSTEM,100 MCG/1 HR,0
60505700600,FENTANYL TRANSDERMAL SYSTEM,25 MCG/1 HR,0
60505700602,FENTANYL TRANSDERMAL SYSTEM,25 MCG/1 HR,0
60505700702,FENTANYL TRANSDERMAL SYSTEM,50 MCG/1 HR,0
60505700802,FENTANYL TRANSDERMAL SYSTEM,75 MCG/1 HR,0
60505700902,FENTANYL TRANSDERMAL SYSTEM,100 MCG/1 HR,0
60505701002,FENTANYL TRANSDERMAL SYSTEM,12 MCG/1 HR,0
60505701102,FENTANYL TRANSDERMAL SYSTEM NOVAPLUS,25 MCG/1 HR,0
60505701202,FENTANYL TRANSDERMAL SYSTEM NOVAPLUS,50 MCG/1 HR,0
60505701302,FENTANYL TRANSDERMAL SYSTEM NOVAPLUS,75 MCG/1 HR,0
60505701402,FENTANYL TRANSDERMAL SYSTEM NOVAPLUS,100 MCG/1 HR,0
60760061760,OPANA ER,20 MG,0
60760065730,ULTRAM ER,300 MG,0
60793043001,EMBEDA,20 MG-0.8 MG,1
60793043020,EMBEDA,20 MG-0.8 MG,1
60793043101,EMBEDA,30 MG-1.2 MG,1
60793043120,EMBEDA,30 MG-1.2 MG,1
60793043301,EMBEDA,50 MG-2 MG,1
60793043320,EMBEDA,50 MG-2 MG,1
60793043401,EMBEDA,60 MG-2.4 MG,1
60793043420,EMBEDA,60 MG-2.4 MG,1
60793043501,EMBEDA,80 MG-3.2 MG,1
60793043520,EMBEDA,80 MG-3.2 MG,1
60793043701,EMBEDA,100 MG-4 MG,1
60793043720,EMBEDA,100 MG-4 MG,1
60793060301,AVINZA,45 MG,0
60793060401,AVINZA,75 MG,0
60793060501,AVINZA,30 MG,0
60793060601,AVINZA,60 MG,0
60793060701,AVINZA,90 MG,0
60793060801,AVINZA,120 MG,0
60951065270,MORPHINE SULFATE,15 MG,0
60951065370,MORPHINE SULFATE,30 MG,0
60951065385,MORPHINE SULFATE,30 MG,0
60951065570,MORPHINE SULFATE,60 MG,0
60951065870,MORPHINE SULFATE,100 MG,0
60951065970,MORPHINE SULFATE,200 MG,0
60951070270,OXYCODONE HCL,10 MG,0
60951070370,OXYCODONE HCL,20 MG,0
60951070570,OXYCODONE HCL,40 MG,0
60951071070,OXYCODONE HCL,80 MG,0
63304040001,OXYCODONE HCL,10 MG,0
63304040101,OXYCODONE HCL,20 MG,0
63304045001,MORPHINE SULFATE,15 MG,0
63304045101,MORPHINE SULFATE,30 MG,0
63304045201,MORPHINE SULFATE,100 MG,0
63304045301,MORPHINE SULFATE,200 MG,0
63304068301,OXYCODONE HCL,40 MG,1
63304068401,OXYCODONE HCL,80 MG,1
63304075801,MORPHINE SULFATE,60 MG,0
63481043470,OPANA ER,5 MG,0
63481043670,OPANA ER,10 MG,0
63481043870,OPANA ER,20 MG,0
63481043970,OPANA ER,30 MG,0
63481044070,OPANA ER,40 MG,0
63481052270,OPANA ER,7.5 MG,0
63481055370,OPANA ER,15 MG,0
63481057170,OPANA ER,30 MG,0
63481061770,OPANA ER,20 MG,0
63481061775,OPANA ER,20 MG,0
63481067470,OPANA ER,10 MG,0
63481069370,OPANA ER,40 MG,0
63481081220,OPANA ER,5 MG,0
63481081260,OPANA ER,5 MG,0
63481081320,OPANA ER,7.5 MG,0
63481081360,OPANA ER,7.5 MG,0
63481081420,OPANA ER,10 MG,0
63481081460,OPANA ER,10 MG,0
63481081520,OPANA ER,15 MG,0
63481081560,OPANA ER,15 MG,0
63481081620,OPANA ER,20 MG,0
63481081660,OPANA ER,20 MG,0
63481081720,OPANA ER,30 MG,0
63481081760,OPANA ER,30 MG,0
63481081820,OPANA ER,40 MG,0
63481081860,OPANA ER,40 MG,0
63481090770,OPANA ER,5 MG,0
63481090775,OPANA ER,5 MG,0
63857032206,KADIAN,20 MG,0
63857032211,KADIAN,20 MG,0
63857032306,KADIAN,50 MG,0
63857032311,KADIAN,50 MG,0
63857032406,KADIAN,100 MG,0
63857032411,KADIAN,100 MG,0
63857032506,KADIAN,30 MG,0
63857032511,KADIAN,30 MG,0
63857032606,KADIAN,60 MG,0
63857032611,KADIAN,60 MG,0
63857037711,KADIAN,200 MG,0
63857041011,KADIAN,10 MG,0
63857041211,KADIAN,80 MG,0
64365050503,AVINZA,30 MG,0
64365050603,AVINZA,60 MG,0
64365050702,AVINZA,90 MG,0
64365050802,AVINZA,120 MG,0
65224031060,ZOHYDRO ER,10 MG,0
65224031560,ZOHYDRO ER,15 MG,0
65224032060,ZOHYDRO ER,20 MG,0
65224033060,ZOHYDRO ER,30 MG,0
65224034060,ZOHYDRO ER,40 MG,0
65224035060,ZOHYDRO ER,50 MG,0
65597030110,MORPHABOND ER,15 MG,1
65597030210,MORPHABOND ER,30 MG,1
65597030310,MORPHABOND ER,60 MG,1
66479054010,ORAMORPH SR,15 MG,0
66479054110,ORAMORPH SR,30 MG,0
66479054210,ORAMORPH SR,60 MG,0
66591084141,ORAMORPH SR,15 MG,0
66591085141,ORAMORPH SR,30 MG,0
66591087141,ORAMORPH SR,100 MG,0
67767012018,FENTANYL TRANSDERMAL SYSTEM,25 MCG/1 HR,0
67767012118,FENTANYL TRANSDERMAL SYSTEM,50 MCG/1 HR,0
67767012218,FENTANYL TRANSDERMAL SYSTEM,75 MCG/1 HR,0
67767012318,FENTANYL TRANSDERMAL SYSTEM,100 MCG/1 HR,0
68025005330,CONZIP,100 MG,0
68025005530,CONZIP,200 MG,0
68025005630,CONZIP,300 MG,0
68025007130,CONZIP,100 MG,0
68025007230,CONZIP,200 MG,0
68025007330,CONZIP,300 MG,0
68084015901,MORPHINE SULFATE,60 MG,0
68084040601,MORPHINE SULFATE,100 MG,0
68180038306,TRAMADOL HCL,100 MG,0
68180038406,TRAMADOL HCL,200 MG,0
68180038506,TRAMADOL HCL,300 MG,0
68180069706,TRAMADOL HCL,100 MG,0
68180069806,TRAMADOL HCL,200 MG,0
68180069906,TRAMADOL HCL,300 MG,0
68382090301,MORPHINE SULFATE,15 MG,0
68382090401,MORPHINE SULFATE,30 MG,0
68382090501,MORPHINE SULFATE,60 MG,0
68382090601,MORPHINE SULFATE,100 MG,0
68774016101,OXYCODONE HCL,10 MG,0
68774016201,OXYCODONE HCL,20 MG,0
68774016301,OXYCODONE HCL,40 MG,0
68774016401,OXYCODONE HCL,80 MG,0
69344011111,ARYMO ER,15 MG,1
69344021111,ARYMO ER,30 MG,1
69344031111,ARYMO ER,60 MG,1
69865024002,NUCYNTA ER,50 MG,0
69865024502,NUCYNTA ER,100 MG,0
69865025002,NUCYNTA ER,150 MG,0
69865026002,NUCYNTA ER,200 MG,0
69865026501,NUCYNTA ER,250 MG,0
