cpt_code,pcs_ccs_single,pcs_ccs_single_label
'10021',173,(173) other diagnostic procedures on skin and subcutaneous tissue
'10022',173,(173) other diagnostic procedures on skin and subcutaneous tissue
'10030',174,(174) other non-or therapeutic procedures on skin and breast
'10035',173,(173) other diagnostic procedures on skin and subcutaneous tissue
'10040',168,"(168) incision and drainage, skin and subcutaneous tissue"
'10060',168,"(168) incision and drainage, skin and subcutaneous tissue"
'10061',168,"(168) incision and drainage, skin and subcutaneous tissue"
'10080',174,(174) other non-or therapeutic procedures on skin and breast
'10081',174,(174) other non-or therapeutic procedures on skin and breast
'10120',174,(174) other non-or therapeutic procedures on skin and breast
'10121',174,(174) other non-or therapeutic procedures on skin and breast
'10140',168,"(168) incision and drainage, skin and subcutaneous tissue"
'10180',168,"(168) incision and drainage, skin and subcutaneous tissue"
'11004',169,"(169) debridement of wound, infection or burn"
'11042',169,"(169) debridement of wound, infection or burn"
'11400',170,(170) excision of skin lesion
'11401',170,(170) excision of skin lesion
'11402',170,(170) excision of skin lesion
'11403',170,(170) excision of skin lesion
'11404',170,(170) excision of skin lesion
'11406',170,(170) excision of skin lesion
'11420',170,(170) excision of skin lesion
'11421',170,(170) excision of skin lesion
'11422',170,(170) excision of skin lesion
'11423',170,(170) excision of skin lesion
'11424',170,(170) excision of skin lesion
'11426',170,(170) excision of skin lesion
'11440',170,(170) excision of skin lesion
'11441',170,(170) excision of skin lesion
'11442',170,(170) excision of skin lesion
'11443',170,(170) excision of skin lesion
'11444',170,(170) excision of skin lesion
'11446',170,(170) excision of skin lesion
'11450',170,(170) excision of skin lesion
'11451',170,(170) excision of skin lesion
'11462',170,(170) excision of skin lesion
'11463',170,(170) excision of skin lesion
'11470',170,(170) excision of skin lesion
'11471',170,(170) excision of skin lesion
'11600',170,(170) excision of skin lesion
'11601',170,(170) excision of skin lesion
'11602',170,(170) excision of skin lesion
'11603',170,(170) excision of skin lesion
'11604',170,(170) excision of skin lesion
'11606',170,(170) excision of skin lesion
'11620',170,(170) excision of skin lesion
'11621',170,(170) excision of skin lesion
'11622',170,(170) excision of skin lesion
'11623',170,(170) excision of skin lesion
'11624',170,(170) excision of skin lesion
'11626',170,(170) excision of skin lesion
'11640',170,(170) excision of skin lesion
'11641',170,(170) excision of skin lesion
'11642',170,(170) excision of skin lesion
'11643',170,(170) excision of skin lesion
'11644',170,(170) excision of skin lesion
'11646',170,(170) excision of skin lesion
'11730',174,(174) other non-or therapeutic procedures on skin and breast
'11740',168,"(168) incision and drainage, skin and subcutaneous tissue"
'11750',174,(174) other non-or therapeutic procedures on skin and breast
'11752',174,(174) other non-or therapeutic procedures on skin and breast
'11765',174,(174) other non-or therapeutic procedures on skin and breast
'11980',231,(231) other therapeutic procedures
'11981',231,(231) other therapeutic procedures
'11982',174,(174) other non-or therapeutic procedures on skin and breast
'11983',231,(231) other therapeutic procedures
'12001',171,(171) suture of skin and subcutaneous tissue
'12002',171,(171) suture of skin and subcutaneous tissue
'12004',171,(171) suture of skin and subcutaneous tissue
'12005',171,(171) suture of skin and subcutaneous tissue
'12006',171,(171) suture of skin and subcutaneous tissue
'12007',171,(171) suture of skin and subcutaneous tissue
'12011',171,(171) suture of skin and subcutaneous tissue
'12013',171,(171) suture of skin and subcutaneous tissue
'12014',171,(171) suture of skin and subcutaneous tissue
'12015',171,(171) suture of skin and subcutaneous tissue
'12016',171,(171) suture of skin and subcutaneous tissue
'12017',171,(171) suture of skin and subcutaneous tissue
'12018',171,(171) suture of skin and subcutaneous tissue
'12020',171,(171) suture of skin and subcutaneous tissue
'12021',171,(171) suture of skin and subcutaneous tissue
'12031',171,(171) suture of skin and subcutaneous tissue
'12032',171,(171) suture of skin and subcutaneous tissue
'12034',171,(171) suture of skin and subcutaneous tissue
'12035',171,(171) suture of skin and subcutaneous tissue
'12036',171,(171) suture of skin and subcutaneous tissue
'12037',171,(171) suture of skin and subcutaneous tissue
'12041',171,(171) suture of skin and subcutaneous tissue
'12042',171,(171) suture of skin and subcutaneous tissue
'12044',171,(171) suture of skin and subcutaneous tissue
'12045',171,(171) suture of skin and subcutaneous tissue
'12046',171,(171) suture of skin and subcutaneous tissue
'12047',171,(171) suture of skin and subcutaneous tissue
'12051',171,(171) suture of skin and subcutaneous tissue
'12052',171,(171) suture of skin and subcutaneous tissue
'12053',171,(171) suture of skin and subcutaneous tissue
'12054',171,(171) suture of skin and subcutaneous tissue
'12055',171,(171) suture of skin and subcutaneous tissue
'12056',171,(171) suture of skin and subcutaneous tissue
'12057',171,(171) suture of skin and subcutaneous tissue
'13100',171,(171) suture of skin and subcutaneous tissue
'13101',171,(171) suture of skin and subcutaneous tissue
'13120',171,(171) suture of skin and subcutaneous tissue
'13121',171,(171) suture of skin and subcutaneous tissue
'13131',171,(171) suture of skin and subcutaneous tissue
'13132',171,(171) suture of skin and subcutaneous tissue
'13151',19,"(19) other therapeutic procedures on eyelids, conjunctiva, cornea"
'13152',19,"(19) other therapeutic procedures on eyelids, conjunctiva, cornea"
'15000',172,(172) skin graft
'15002',172,(172) skin graft
'15004',172,(172) skin graft
'15775',172,(172) skin graft
'15776',172,(172) skin graft
'15820',19,"(19) other therapeutic procedures on eyelids, conjunctiva, cornea"
'15821',19,"(19) other therapeutic procedures on eyelids, conjunctiva, cornea"
'15822',19,"(19) other therapeutic procedures on eyelids, conjunctiva, cornea"
'15823',19,"(19) other therapeutic procedures on eyelids, conjunctiva, cornea"
'16020',169,"(169) debridement of wound, infection or burn"
'16025',169,"(169) debridement of wound, infection or burn"
'16030',169,"(169) debridement of wound, infection or burn"
'16035',175,(175) other or therapeutic procedures on skin and breast
'17304',170,(170) excision of skin lesion
'17305',170,(170) excision of skin lesion
'17306',170,(170) excision of skin lesion
'17307',170,(170) excision of skin lesion
'19000',165,(165) breast biopsy and other diagnostic procedures on breast
'19081',165,(165) breast biopsy and other diagnostic procedures on breast
'19083',165,(165) breast biopsy and other diagnostic procedures on breast
'19085',165,(165) breast biopsy and other diagnostic procedures on breast
'19100',165,(165) breast biopsy and other diagnostic procedures on breast
'19101',165,(165) breast biopsy and other diagnostic procedures on breast
'19105',132,"(132) other or therapeutic procedures, female organs"
'19281',165,(165) breast biopsy and other diagnostic procedures on breast
'19283',165,(165) breast biopsy and other diagnostic procedures on breast
'19285',165,(165) breast biopsy and other diagnostic procedures on breast
'19287',165,(165) breast biopsy and other diagnostic procedures on breast
'19296',175,(175) other or therapeutic procedures on skin and breast
'19298',175,(175) other or therapeutic procedures on skin and breast
'20000',168,"(168) incision and drainage, skin and subcutaneous tissue"
'20205',159,(159) other diagnostic procedures on musculoskeletal system
'20220',159,(159) other diagnostic procedures on musculoskeletal system
'20225',159,(159) other diagnostic procedures on musculoskeletal system
'20240',159,(159) other diagnostic procedures on musculoskeletal system
'20245',159,(159) other diagnostic procedures on musculoskeletal system
'20250',159,(159) other diagnostic procedures on musculoskeletal system
'20251',159,(159) other diagnostic procedures on musculoskeletal system
'20520',160,(160) other therapeutic procedures on muscles and tendons
'20525',160,(160) other therapeutic procedures on muscles and tendons
'20555',164,(164) other or therapeutic procedures on musculoskeletal system
'20615',161,(161) other or therapeutic procedures on bone
'20650',214,"(214) traction, splints, and other wound care"
'20660',214,"(214) traction, splints, and other wound care"
'20662',214,"(214) traction, splints, and other wound care"
'20663',214,"(214) traction, splints, and other wound care"
'20950',159,(159) other diagnostic procedures on musculoskeletal system
'20982',163,(163) other non-or therapeutic procedures on musculoskeletal system
'20983',163,(163) other non-or therapeutic procedures on musculoskeletal system
'21011',170,(170) excision of skin lesion
'21012',170,(170) excision of skin lesion
'21100',33,"(33) other or therapeutic procedures on nose, mouth and pharynx"
'21110',29,(29) oral and dental services
'21340',144,"(144) treatment, facial fracture or dislocation"
'21345',144,"(144) treatment, facial fracture or dislocation"
'21355',144,"(144) treatment, facial fracture or dislocation"
'21421',144,"(144) treatment, facial fracture or dislocation"
'21431',144,"(144) treatment, facial fracture or dislocation"
'21452',144,"(144) treatment, facial fracture or dislocation"
'21453',144,"(144) treatment, facial fracture or dislocation"
'21485',144,"(144) treatment, facial fracture or dislocation"
'21552',170,(170) excision of skin lesion
'21555',170,(170) excision of skin lesion
'21810',148,(148) other fracture and dislocation procedure
'21930',160,(160) other therapeutic procedures on muscles and tendons
'21931',170,(170) excision of skin lesion
'22510',148,(148) other fracture and dislocation procedure
'22511',148,(148) other fracture and dislocation procedure
'22513',148,(148) other fracture and dislocation procedure
'22514',148,(148) other fracture and dislocation procedure
'22520',9,(9) other or therapeutic nervous system procedures
'22521',9,(9) other or therapeutic nervous system procedures
'22522',9,(9) other or therapeutic nervous system procedures
'22523',148,(148) other fracture and dislocation procedure
'22524',148,(148) other fracture and dislocation procedure
'22526',9,(9) other or therapeutic nervous system procedures
'22902',170,(170) excision of skin lesion
'22903',170,(170) excision of skin lesion
'23030',160,(160) other therapeutic procedures on muscles and tendons
'23031',162,(162) other or therapeutic procedures on joints
'23066',159,(159) other diagnostic procedures on musculoskeletal system
'23071',170,(170) excision of skin lesion
'23075',170,(170) excision of skin lesion
'23100',159,(159) other diagnostic procedures on musculoskeletal system
'23330',174,(174) other non-or therapeutic procedures on skin and breast
'23930',160,(160) other therapeutic procedures on muscles and tendons
'23931',160,(160) other therapeutic procedures on muscles and tendons
'24071',170,(170) excision of skin lesion
'24075',170,(170) excision of skin lesion
'24200',174,(174) other non-or therapeutic procedures on skin and breast
'24201',160,(160) other therapeutic procedures on muscles and tendons
'24357',162,(162) other or therapeutic procedures on joints
'24538',148,(148) other fracture and dislocation procedure
'24566',148,(148) other fracture and dislocation procedure
'24582',148,(148) other fracture and dislocation procedure
'25028',160,(160) other therapeutic procedures on muscles and tendons
'25031',160,(160) other therapeutic procedures on muscles and tendons
'25071',170,(170) excision of skin lesion
'25075',170,(170) excision of skin lesion
'25100',159,(159) other diagnostic procedures on musculoskeletal system
'25248',160,(160) other therapeutic procedures on muscles and tendons
'25606',145,"(145) treatment, fracture or dislocation of radius and ulna"
'25651',145,"(145) treatment, fracture or dislocation of radius and ulna"
'25671',145,"(145) treatment, fracture or dislocation of radius and ulna"
'26010',168,"(168) incision and drainage, skin and subcutaneous tissue"
'26011',168,"(168) incision and drainage, skin and subcutaneous tissue"
'26020',160,(160) other therapeutic procedures on muscles and tendons
'26025',160,(160) other therapeutic procedures on muscles and tendons
'26030',160,(160) other therapeutic procedures on muscles and tendons
'26100',159,(159) other diagnostic procedures on musculoskeletal system
'26105',159,(159) other diagnostic procedures on musculoskeletal system
'26110',159,(159) other diagnostic procedures on musculoskeletal system
'26111',170,(170) excision of skin lesion
'26115',170,(170) excision of skin lesion
'26607',148,(148) other fracture and dislocation procedure
'26608',148,(148) other fracture and dislocation procedure
'26650',148,(148) other fracture and dislocation procedure
'26676',148,(148) other fracture and dislocation procedure
'26706',148,(148) other fracture and dislocation procedure
'26727',148,(148) other fracture and dislocation procedure
'26756',148,(148) other fracture and dislocation procedure
'26776',148,(148) other fracture and dislocation procedure
'26991',162,(162) other or therapeutic procedures on joints
'27043',170,(170) excision of skin lesion
'27047',170,(170) excision of skin lesion
'27050',159,(159) other diagnostic procedures on musculoskeletal system
'27052',159,(159) other diagnostic procedures on musculoskeletal system
'27086',175,(175) other or therapeutic procedures on skin and breast
'27087',160,(160) other therapeutic procedures on muscles and tendons
'27216',148,(148) other fracture and dislocation procedure
'27235',146,"(146) treatment, fracture or dislocation of hip and femur"
'27327',170,(170) excision of skin lesion
'27330',159,(159) other diagnostic procedures on musculoskeletal system
'27337',170,(170) excision of skin lesion
'27372',160,(160) other therapeutic procedures on muscles and tendons
'27509',146,"(146) treatment, fracture or dislocation of hip and femur"
'27604',160,(160) other therapeutic procedures on muscles and tendons
'27618',170,(170) excision of skin lesion
'27632',170,(170) excision of skin lesion
'27756',147,"(147) treatment, fracture or dislocation of lower extremity (other than hip or femur)"
'27842',147,"(147) treatment, fracture or dislocation of lower extremity (other than hip or femur)"
'28001',160,(160) other therapeutic procedures on muscles and tendons
'28002',160,(160) other therapeutic procedures on muscles and tendons
'28003',160,(160) other therapeutic procedures on muscles and tendons
'28039',170,(170) excision of skin lesion
'28043',170,(170) excision of skin lesion
'28050',159,(159) other diagnostic procedures on musculoskeletal system
'28052',159,(159) other diagnostic procedures on musculoskeletal system
'28054',159,(159) other diagnostic procedures on musculoskeletal system
'28190',175,(175) other or therapeutic procedures on skin and breast
'28192',160,(160) other therapeutic procedures on muscles and tendons
'28193',160,(160) other therapeutic procedures on muscles and tendons
'28406',147,"(147) treatment, fracture or dislocation of lower extremity (other than hip or femur)"
'28436',147,"(147) treatment, fracture or dislocation of lower extremity (other than hip or femur)"
'28456',147,"(147) treatment, fracture or dislocation of lower extremity (other than hip or femur)"
'28476',147,"(147) treatment, fracture or dislocation of lower extremity (other than hip or femur)"
'28496',147,"(147) treatment, fracture or dislocation of lower extremity (other than hip or femur)"
'28546',147,"(147) treatment, fracture or dislocation of lower extremity (other than hip or femur)"
'28576',147,"(147) treatment, fracture or dislocation of lower extremity (other than hip or femur)"
'28606',147,"(147) treatment, fracture or dislocation of lower extremity (other than hip or femur)"
'28636',147,"(147) treatment, fracture or dislocation of lower extremity (other than hip or femur)"
'28666',147,"(147) treatment, fracture or dislocation of lower extremity (other than hip or femur)"
'29800',149,(149) arthroscopy
'29804',149,(149) arthroscopy
'29805',149,(149) arthroscopy
'29830',149,(149) arthroscopy
'29840',149,(149) arthroscopy
'29850',147,"(147) treatment, fracture or dislocation of lower extremity (other than hip or femur)"
'29860',149,(149) arthroscopy
'29870',149,(149) arthroscopy
'29871',149,(149) arthroscopy
'29900',149,(149) arthroscopy
'30000',33,"(33) other or therapeutic procedures on nose, mouth and pharynx"
'30020',32,"(32) other non-or therapeutic procedures on nose, mouth and pharynx"
'30110',33,"(33) other or therapeutic procedures on nose, mouth and pharynx"
'30115',33,"(33) other or therapeutic procedures on nose, mouth and pharynx"
'30117',33,"(33) other or therapeutic procedures on nose, mouth and pharynx"
'30118',32,"(32) other non-or therapeutic procedures on nose, mouth and pharynx"
'30120',175,(175) other or therapeutic procedures on skin and breast
'30124',175,(175) other or therapeutic procedures on skin and breast
'30300',229,(229) nonoperative removal of foreign body
'30310',33,"(33) other or therapeutic procedures on nose, mouth and pharynx"
'30320',229,(229) nonoperative removal of foreign body
'30560',33,"(33) other or therapeutic procedures on nose, mouth and pharynx"
'31020',33,"(33) other or therapeutic procedures on nose, mouth and pharynx"
'31030',33,"(33) other or therapeutic procedures on nose, mouth and pharynx"
'31032',33,"(33) other or therapeutic procedures on nose, mouth and pharynx"
'31050',33,"(33) other or therapeutic procedures on nose, mouth and pharynx"
'31051',33,"(33) other or therapeutic procedures on nose, mouth and pharynx"
'31237',31,"(31) diagnostic procedures on nose, mouth and pharynx"
'31238',27,(27) control of epistaxis
'31239',33,"(33) other or therapeutic procedures on nose, mouth and pharynx"
'31240',33,"(33) other or therapeutic procedures on nose, mouth and pharynx"
'31254',33,"(33) other or therapeutic procedures on nose, mouth and pharynx"
'31255',33,"(33) other or therapeutic procedures on nose, mouth and pharynx"
'31256',33,"(33) other or therapeutic procedures on nose, mouth and pharynx"
'31267',33,"(33) other or therapeutic procedures on nose, mouth and pharynx"
'31276',33,"(33) other or therapeutic procedures on nose, mouth and pharynx"
'31287',33,"(33) other or therapeutic procedures on nose, mouth and pharynx"
'31288',33,"(33) other or therapeutic procedures on nose, mouth and pharynx"
'31295',33,"(33) other or therapeutic procedures on nose, mouth and pharynx"
'31296',33,"(33) other or therapeutic procedures on nose, mouth and pharynx"
'31297',33,"(33) other or therapeutic procedures on nose, mouth and pharynx"
'31320',40,(40) other diagnostic procedures of respiratory tract and mediastinum
'31510',35,(35) tracheoscopy and laryngoscopy with biopsy
'31511',229,(229) nonoperative removal of foreign body
'31512',41,(41) other non-or therapeutic procedures on respiratory system
'31513',41,(41) other non-or therapeutic procedures on respiratory system
'31515',35,(35) tracheoscopy and laryngoscopy with biopsy
'31527',42,(42) other or therapeutic procedures on respiratory system
'31528',42,(42) other or therapeutic procedures on respiratory system
'31529',42,(42) other or therapeutic procedures on respiratory system
'31530',42,(42) other or therapeutic procedures on respiratory system
'31531',42,(42) other or therapeutic procedures on respiratory system
'31535',35,(35) tracheoscopy and laryngoscopy with biopsy
'31536',35,(35) tracheoscopy and laryngoscopy with biopsy
'31570',42,(42) other or therapeutic procedures on respiratory system
'31571',42,(42) other or therapeutic procedures on respiratory system
'31572',41,(41) other non-or therapeutic procedures on respiratory system
'31573',41,(41) other non-or therapeutic procedures on respiratory system
'31574',41,(41) other non-or therapeutic procedures on respiratory system
'31576',35,(35) tracheoscopy and laryngoscopy with biopsy
'31577',229,(229) nonoperative removal of foreign body
'31578',41,(41) other non-or therapeutic procedures on respiratory system
'31612',42,(42) other or therapeutic procedures on respiratory system
'31625',37,(37) diagnostic bronchoscopy and biopsy of bronchus
'31626',37,(37) diagnostic bronchoscopy and biopsy of bronchus
'31628',37,(37) diagnostic bronchoscopy and biopsy of bronchus
'31629',37,(37) diagnostic bronchoscopy and biopsy of bronchus
'31630',42,(42) other or therapeutic procedures on respiratory system
'31631',42,(42) other or therapeutic procedures on respiratory system
'31634',42,(42) other or therapeutic procedures on respiratory system
'31635',229,(229) nonoperative removal of foreign body
'31636',42,(42) other or therapeutic procedures on respiratory system
'31638',42,(42) other or therapeutic procedures on respiratory system
'31640',42,(42) other or therapeutic procedures on respiratory system
'31641',42,(42) other or therapeutic procedures on respiratory system
'31643',42,(42) other or therapeutic procedures on respiratory system
'31645',42,(42) other or therapeutic procedures on respiratory system
'31646',42,(42) other or therapeutic procedures on respiratory system
'31647',41,(41) other non-or therapeutic procedures on respiratory system
'31648',41,(41) other non-or therapeutic procedures on respiratory system
'31660',42,(42) other or therapeutic procedures on respiratory system
'31661',42,(42) other or therapeutic procedures on respiratory system
'31730',42,(42) other or therapeutic procedures on respiratory system
'32095',38,(38) other diagnostic procedures on lung and bronchus
'32096',38,(38) other diagnostic procedures on lung and bronchus
'32097',38,(38) other diagnostic procedures on lung and bronchus
'32098',38,(38) other diagnostic procedures on lung and bronchus
'32402',40,(40) other diagnostic procedures of respiratory tract and mediastinum
'32550',39,"(39) incision of pleura, thoracentesis, chest drainage"
'32551',39,"(39) incision of pleura, thoracentesis, chest drainage"
'32553',41,(41) other non-or therapeutic procedures on respiratory system
'32554',39,"(39) incision of pleura, thoracentesis, chest drainage"
'32555',39,"(39) incision of pleura, thoracentesis, chest drainage"
'32556',39,"(39) incision of pleura, thoracentesis, chest drainage"
'32557',39,"(39) incision of pleura, thoracentesis, chest drainage"
'32601',40,(40) other diagnostic procedures of respiratory tract and mediastinum
'32602',40,(40) other diagnostic procedures of respiratory tract and mediastinum
'32603',62,(62) other diagnostic cardiovascular procedures
'32604',62,(62) other diagnostic cardiovascular procedures
'32605',40,(40) other diagnostic procedures of respiratory tract and mediastinum
'32606',40,(40) other diagnostic procedures of respiratory tract and mediastinum
'32607',38,(38) other diagnostic procedures on lung and bronchus
'32608',38,(38) other diagnostic procedures on lung and bronchus
'32609',38,(38) other diagnostic procedures on lung and bronchus
'32653',42,(42) other or therapeutic procedures on respiratory system
'32960',41,(41) other non-or therapeutic procedures on respiratory system
'32997',42,(42) other or therapeutic procedures on respiratory system
'32998',42,(42) other or therapeutic procedures on respiratory system
'33010',63,(63) other non-or therapeutic cardiovascular procedures
'33011',63,(63) other non-or therapeutic cardiovascular procedures
'33270',48,"(48) insertion, revision, replacement, removal of cardiac pacemaker or cardioverter/defibrillator"
'33271',48,"(48) insertion, revision, replacement, removal of cardiac pacemaker or cardioverter/defibrillator"
'33272',48,"(48) insertion, revision, replacement, removal of cardiac pacemaker or cardioverter/defibrillator"
'33273',48,"(48) insertion, revision, replacement, removal of cardiac pacemaker or cardioverter/defibrillator"
'33282',62,(62) other diagnostic cardiovascular procedures
'33284',62,(62) other diagnostic cardiovascular procedures
'33967',49,(49) other or heart procedures
'33990',50,(50) extracorporeal circulation auxiliary to open heart procedures
'33991',50,(50) extracorporeal circulation auxiliary to open heart procedures
'33993',50,(50) extracorporeal circulation auxiliary to open heart procedures
'35470',60,(60) embolectomy and endarterectomy of lower limbs
'35471',61,(61) other or procedures on vessels other than head and neck
'35472',61,(61) other or procedures on vessels other than head and neck
'35473',60,(60) embolectomy and endarterectomy of lower limbs
'35474',60,(60) embolectomy and endarterectomy of lower limbs
'35475',61,(61) other or procedures on vessels other than head and neck
'35476',61,(61) other or procedures on vessels other than head and neck
'35490',61,(61) other or procedures on vessels other than head and neck
'35491',61,(61) other or procedures on vessels other than head and neck
'35492',60,(60) embolectomy and endarterectomy of lower limbs
'35493',60,(60) embolectomy and endarterectomy of lower limbs
'35494',61,(61) other or procedures on vessels other than head and neck
'35495',60,(60) embolectomy and endarterectomy of lower limbs
'36145',54,"(54) other vascular catheterization, not heart"
'36468',63,(63) other non-or therapeutic cardiovascular procedures
'36469',63,(63) other non-or therapeutic cardiovascular procedures
'36470',61,(61) other or procedures on vessels other than head and neck
'36471',61,(61) other or procedures on vessels other than head and neck
'36473',63,(63) other non-or therapeutic cardiovascular procedures
'36475',63,(63) other non-or therapeutic cardiovascular procedures
'36478',63,(63) other non-or therapeutic cardiovascular procedures
'36557',54,"(54) other vascular catheterization, not heart"
'36558',54,"(54) other vascular catheterization, not heart"
'36560',54,"(54) other vascular catheterization, not heart"
'36561',54,"(54) other vascular catheterization, not heart"
'36563',54,"(54) other vascular catheterization, not heart"
'36565',54,"(54) other vascular catheterization, not heart"
'36566',54,"(54) other vascular catheterization, not heart"
'36568',54,"(54) other vascular catheterization, not heart"
'36569',54,"(54) other vascular catheterization, not heart"
'36570',54,"(54) other vascular catheterization, not heart"
'36571',54,"(54) other vascular catheterization, not heart"
'36575',63,(63) other non-or therapeutic cardiovascular procedures
'36576',63,(63) other non-or therapeutic cardiovascular procedures
'36578',54,"(54) other vascular catheterization, not heart"
'36580',54,"(54) other vascular catheterization, not heart"
'36581',54,"(54) other vascular catheterization, not heart"
'36582',54,"(54) other vascular catheterization, not heart"
'36583',54,"(54) other vascular catheterization, not heart"
'36584',54,"(54) other vascular catheterization, not heart"
'36585',54,"(54) other vascular catheterization, not heart"
'36589',63,(63) other non-or therapeutic cardiovascular procedures
'36590',63,(63) other non-or therapeutic cardiovascular procedures
'36597',54,"(54) other vascular catheterization, not heart"
'36870',61,(61) other or procedures on vessels other than head and neck
'36902',57,"(57) creation, revision and removal of arteriovenous fistula or vessel-to-vessel cannula for dialysis"
'36903',57,"(57) creation, revision and removal of arteriovenous fistula or vessel-to-vessel cannula for dialysis"
'36904',57,"(57) creation, revision and removal of arteriovenous fistula or vessel-to-vessel cannula for dialysis"
'36905',57,"(57) creation, revision and removal of arteriovenous fistula or vessel-to-vessel cannula for dialysis"
'36906',57,"(57) creation, revision and removal of arteriovenous fistula or vessel-to-vessel cannula for dialysis"
'37183',56,"(56) other vascular bypass and shunt, not heart"
'37197',54,"(54) other vascular catheterization, not heart"
'37200',62,(62) other diagnostic cardiovascular procedures
'37203',54,"(54) other vascular catheterization, not heart"
'37241',61,(61) other or procedures on vessels other than head and neck
'37242',61,(61) other or procedures on vessels other than head and neck
'37243',61,(61) other or procedures on vessels other than head and neck
'37244',61,(61) other or procedures on vessels other than head and neck
'37246',61,(61) other or procedures on vessels other than head and neck
'37248',61,(61) other or procedures on vessels other than head and neck
'37609',59,(59) other or procedures on vessels of head and neck
'38240',64,(64) bone marrow transplant
'38241',64,(64) bone marrow transplant
'38242',64,(64) bone marrow transplant
'38243',64,(64) bone marrow transplant
'38300',67,"(67) other therapeutic procedures, hemic and lymphatic system"
'38305',67,"(67) other therapeutic procedures, hemic and lymphatic system"
'38500',67,"(67) other therapeutic procedures, hemic and lymphatic system"
'38505',67,"(67) other therapeutic procedures, hemic and lymphatic system"
'38530',67,"(67) other therapeutic procedures, hemic and lymphatic system"
'38570',67,"(67) other therapeutic procedures, hemic and lymphatic system"
'38792',226,(226) other diagnostic radiology and related techniques
'38794',67,"(67) other therapeutic procedures, hemic and lymphatic system"
'39400',40,(40) other diagnostic procedures of respiratory tract and mediastinum
'39401',40,(40) other diagnostic procedures of respiratory tract and mediastinum
'39402',40,(40) other diagnostic procedures of respiratory tract and mediastinum
'40650',33,"(33) other or therapeutic procedures on nose, mouth and pharynx"
'40652',33,"(33) other or therapeutic procedures on nose, mouth and pharynx"
'40654',33,"(33) other or therapeutic procedures on nose, mouth and pharynx"
'40800',33,"(33) other or therapeutic procedures on nose, mouth and pharynx"
'40801',33,"(33) other or therapeutic procedures on nose, mouth and pharynx"
'40804',229,(229) nonoperative removal of foreign body
'40805',229,(229) nonoperative removal of foreign body
'40810',33,"(33) other or therapeutic procedures on nose, mouth and pharynx"
'40812',33,"(33) other or therapeutic procedures on nose, mouth and pharynx"
'40830',32,"(32) other non-or therapeutic procedures on nose, mouth and pharynx"
'40831',32,"(32) other non-or therapeutic procedures on nose, mouth and pharynx"
'41000',33,"(33) other or therapeutic procedures on nose, mouth and pharynx"
'41005',33,"(33) other or therapeutic procedures on nose, mouth and pharynx"
'41006',33,"(33) other or therapeutic procedures on nose, mouth and pharynx"
'41007',33,"(33) other or therapeutic procedures on nose, mouth and pharynx"
'41008',33,"(33) other or therapeutic procedures on nose, mouth and pharynx"
'41009',33,"(33) other or therapeutic procedures on nose, mouth and pharynx"
'41010',32,"(32) other non-or therapeutic procedures on nose, mouth and pharynx"
'41015',33,"(33) other or therapeutic procedures on nose, mouth and pharynx"
'41019',211,(211) therapeutic radiology
'41110',33,"(33) other or therapeutic procedures on nose, mouth and pharynx"
'41112',33,"(33) other or therapeutic procedures on nose, mouth and pharynx"
'41113',33,"(33) other or therapeutic procedures on nose, mouth and pharynx"
'41116',33,"(33) other or therapeutic procedures on nose, mouth and pharynx"
'41250',32,"(32) other non-or therapeutic procedures on nose, mouth and pharynx"
'41251',32,"(32) other non-or therapeutic procedures on nose, mouth and pharynx"
'41252',32,"(32) other non-or therapeutic procedures on nose, mouth and pharynx"
'41800',29,(29) oral and dental services
'41805',29,(29) oral and dental services
'41806',29,(29) oral and dental services
'41820',33,"(33) other or therapeutic procedures on nose, mouth and pharynx"
'41821',29,(29) oral and dental services
'41822',29,(29) oral and dental services
'41825',29,(29) oral and dental services
'41826',29,(29) oral and dental services
'41828',29,(29) oral and dental services
'42000',32,"(32) other non-or therapeutic procedures on nose, mouth and pharynx"
'42104',33,"(33) other or therapeutic procedures on nose, mouth and pharynx"
'42106',33,"(33) other or therapeutic procedures on nose, mouth and pharynx"
'42180',33,"(33) other or therapeutic procedures on nose, mouth and pharynx"
'42182',33,"(33) other or therapeutic procedures on nose, mouth and pharynx"
'42300',33,"(33) other or therapeutic procedures on nose, mouth and pharynx"
'42310',33,"(33) other or therapeutic procedures on nose, mouth and pharynx"
'42320',33,"(33) other or therapeutic procedures on nose, mouth and pharynx"
'42330',33,"(33) other or therapeutic procedures on nose, mouth and pharynx"
'42405',31,"(31) diagnostic procedures on nose, mouth and pharynx"
'42409',33,"(33) other or therapeutic procedures on nose, mouth and pharynx"
'42700',33,"(33) other or therapeutic procedures on nose, mouth and pharynx"
'42720',33,"(33) other or therapeutic procedures on nose, mouth and pharynx"
'42808',33,"(33) other or therapeutic procedures on nose, mouth and pharynx"
'42810',33,"(33) other or therapeutic procedures on nose, mouth and pharynx"
'42900',33,"(33) other or therapeutic procedures on nose, mouth and pharynx"
'43180',70,"(70) upper gastrointestinal endoscopy, biopsy"
'43191',70,"(70) upper gastrointestinal endoscopy, biopsy"
'43193',70,"(70) upper gastrointestinal endoscopy, biopsy"
'43194',229,(229) nonoperative removal of foreign body
'43195',69,(69) esophageal dilatation
'43196',69,(69) esophageal dilatation
'43198',70,"(70) upper gastrointestinal endoscopy, biopsy"
'43200',70,"(70) upper gastrointestinal endoscopy, biopsy"
'43201',70,"(70) upper gastrointestinal endoscopy, biopsy"
'43202',70,"(70) upper gastrointestinal endoscopy, biopsy"
'43204',70,"(70) upper gastrointestinal endoscopy, biopsy"
'43205',70,"(70) upper gastrointestinal endoscopy, biopsy"
'43206',70,"(70) upper gastrointestinal endoscopy, biopsy"
'43210',70,"(70) upper gastrointestinal endoscopy, biopsy"
'43211',70,"(70) upper gastrointestinal endoscopy, biopsy"
'43212',70,"(70) upper gastrointestinal endoscopy, biopsy"
'43213',69,(69) esophageal dilatation
'43214',69,(69) esophageal dilatation
'43215',229,(229) nonoperative removal of foreign body
'43216',93,(93) other non-or upper gi therapeutic procedures
'43217',70,"(70) upper gastrointestinal endoscopy, biopsy"
'43219',70,"(70) upper gastrointestinal endoscopy, biopsy"
'43220',69,(69) esophageal dilatation
'43226',69,(69) esophageal dilatation
'43227',93,(93) other non-or upper gi therapeutic procedures
'43228',70,"(70) upper gastrointestinal endoscopy, biopsy"
'43229',70,"(70) upper gastrointestinal endoscopy, biopsy"
'43232',70,"(70) upper gastrointestinal endoscopy, biopsy"
'43233',69,(69) esophageal dilatation
'43235',70,"(70) upper gastrointestinal endoscopy, biopsy"
'43236',70,"(70) upper gastrointestinal endoscopy, biopsy"
'43237',70,"(70) upper gastrointestinal endoscopy, biopsy"
'43238',70,"(70) upper gastrointestinal endoscopy, biopsy"
'43239',70,"(70) upper gastrointestinal endoscopy, biopsy"
'43240',70,"(70) upper gastrointestinal endoscopy, biopsy"
'43241',70,"(70) upper gastrointestinal endoscopy, biopsy"
'43242',70,"(70) upper gastrointestinal endoscopy, biopsy"
'43243',68,(68) injection or ligation of esophageal varices
'43244',68,(68) injection or ligation of esophageal varices
'43245',93,(93) other non-or upper gi therapeutic procedures
'43246',71,"(71) gastrostomy, temporary and permanent"
'43247',70,"(70) upper gastrointestinal endoscopy, biopsy"
'43248',69,(69) esophageal dilatation
'43249',69,(69) esophageal dilatation
'43250',70,"(70) upper gastrointestinal endoscopy, biopsy"
'43251',70,"(70) upper gastrointestinal endoscopy, biopsy"
'43252',70,"(70) upper gastrointestinal endoscopy, biopsy"
'43254',70,"(70) upper gastrointestinal endoscopy, biopsy"
'43255',70,"(70) upper gastrointestinal endoscopy, biopsy"
'43256',70,"(70) upper gastrointestinal endoscopy, biopsy"
'43257',70,"(70) upper gastrointestinal endoscopy, biopsy"
'43258',70,"(70) upper gastrointestinal endoscopy, biopsy"
'43260',82,(82) endoscopic retrograde cannulation of pancreas (ercp)
'43261',82,(82) endoscopic retrograde cannulation of pancreas (ercp)
'43262',82,(82) endoscopic retrograde cannulation of pancreas (ercp)
'43263',82,(82) endoscopic retrograde cannulation of pancreas (ercp)
'43264',82,(82) endoscopic retrograde cannulation of pancreas (ercp)
'43265',82,(82) endoscopic retrograde cannulation of pancreas (ercp)
'43266',70,"(70) upper gastrointestinal endoscopy, biopsy"
'43267',82,(82) endoscopic retrograde cannulation of pancreas (ercp)
'43268',82,(82) endoscopic retrograde cannulation of pancreas (ercp)
'43269',82,(82) endoscopic retrograde cannulation of pancreas (ercp)
'43270',70,"(70) upper gastrointestinal endoscopy, biopsy"
'43271',82,(82) endoscopic retrograde cannulation of pancreas (ercp)
'43272',82,(82) endoscopic retrograde cannulation of pancreas (ercp)
'43274',82,(82) endoscopic retrograde cannulation of pancreas (ercp)
'43277',82,(82) endoscopic retrograde cannulation of pancreas (ercp)
'43278',82,(82) endoscopic retrograde cannulation of pancreas (ercp)
'43450',69,(69) esophageal dilatation
'43453',69,(69) esophageal dilatation
'43456',69,(69) esophageal dilatation
'43458',69,(69) esophageal dilatation
'43460',69,(69) esophageal dilatation
'43510',69,(69) esophageal dilatation
'43605',89,(89) exploratory laparotomy
'43750',71,"(71) gastrostomy, temporary and permanent"
'43753',221,(221) nasogastric tube
'43870',94,(94) other or upper gi therapeutic procedures
'44100',92,(92) other bowel diagnostic procedures
'44360',70,"(70) upper gastrointestinal endoscopy, biopsy"
'44361',70,"(70) upper gastrointestinal endoscopy, biopsy"
'44363',229,(229) nonoperative removal of foreign body
'44364',99,(99) other or gastrointestinal therapeutic procedures
'44365',99,(99) other or gastrointestinal therapeutic procedures
'44366',99,(99) other or gastrointestinal therapeutic procedures
'44369',99,(99) other or gastrointestinal therapeutic procedures
'44370',96,(96) other or lower gi therapeutic procedures
'44372',96,(96) other or lower gi therapeutic procedures
'44373',71,"(71) gastrostomy, temporary and permanent"
'44376',70,"(70) upper gastrointestinal endoscopy, biopsy"
'44377',70,"(70) upper gastrointestinal endoscopy, biopsy"
'44378',93,(93) other non-or upper gi therapeutic procedures
'44379',70,"(70) upper gastrointestinal endoscopy, biopsy"
'44382',70,"(70) upper gastrointestinal endoscopy, biopsy"
'44383',70,"(70) upper gastrointestinal endoscopy, biopsy"
'44384',70,"(70) upper gastrointestinal endoscopy, biopsy"
'44386',70,"(70) upper gastrointestinal endoscopy, biopsy"
'44389',76,(76) colonoscopy and biopsy
'44390',229,(229) nonoperative removal of foreign body
'44391',76,(76) colonoscopy and biopsy
'44392',76,(76) colonoscopy and biopsy
'44393',76,(76) colonoscopy and biopsy
'44394',76,(76) colonoscopy and biopsy
'44397',76,(76) colonoscopy and biopsy
'44401',76,(76) colonoscopy and biopsy
'44402',76,(76) colonoscopy and biopsy
'44403',76,(76) colonoscopy and biopsy
'44404',76,(76) colonoscopy and biopsy
'44405',76,(76) colonoscopy and biopsy
'44407',76,(76) colonoscopy and biopsy
'45005',96,(96) other or lower gi therapeutic procedures
'45020',96,(96) other or lower gi therapeutic procedures
'45100',77,(77) proctoscopy and anorectal biopsy
'45300',77,(77) proctoscopy and anorectal biopsy
'45303',77,(77) proctoscopy and anorectal biopsy
'45305',77,(77) proctoscopy and anorectal biopsy
'45307',229,(229) nonoperative removal of foreign body
'45308',77,(77) proctoscopy and anorectal biopsy
'45309',77,(77) proctoscopy and anorectal biopsy
'45315',77,(77) proctoscopy and anorectal biopsy
'45317',77,(77) proctoscopy and anorectal biopsy
'45320',77,(77) proctoscopy and anorectal biopsy
'45321',77,(77) proctoscopy and anorectal biopsy
'45327',77,(77) proctoscopy and anorectal biopsy
'45331',77,(77) proctoscopy and anorectal biopsy
'45332',229,(229) nonoperative removal of foreign body
'45333',77,(77) proctoscopy and anorectal biopsy
'45334',77,(77) proctoscopy and anorectal biopsy
'45335',77,(77) proctoscopy and anorectal biopsy
'45337',77,(77) proctoscopy and anorectal biopsy
'45338',77,(77) proctoscopy and anorectal biopsy
'45339',77,(77) proctoscopy and anorectal biopsy
'45340',77,(77) proctoscopy and anorectal biopsy
'45342',77,(77) proctoscopy and anorectal biopsy
'45345',77,(77) proctoscopy and anorectal biopsy
'45346',77,(77) proctoscopy and anorectal biopsy
'45347',77,(77) proctoscopy and anorectal biopsy
'45349',77,(77) proctoscopy and anorectal biopsy
'45355',76,(76) colonoscopy and biopsy
'45379',229,(229) nonoperative removal of foreign body
'45380',76,(76) colonoscopy and biopsy
'45381',76,(76) colonoscopy and biopsy
'45382',76,(76) colonoscopy and biopsy
'45383',76,(76) colonoscopy and biopsy
'45384',76,(76) colonoscopy and biopsy
'45385',76,(76) colonoscopy and biopsy
'45386',76,(76) colonoscopy and biopsy
'45387',76,(76) colonoscopy and biopsy
'45388',76,(76) colonoscopy and biopsy
'45389',76,(76) colonoscopy and biopsy
'45390',76,(76) colonoscopy and biopsy
'45392',76,(76) colonoscopy and biopsy
'46040',96,(96) other or lower gi therapeutic procedures
'46045',96,(96) other or lower gi therapeutic procedures
'46050',96,(96) other or lower gi therapeutic procedures
'46083',81,(81) hemorrhoid procedures
'46210',96,(96) other or lower gi therapeutic procedures
'46211',96,(96) other or lower gi therapeutic procedures
'46255',81,(81) hemorrhoid procedures
'46257',81,(81) hemorrhoid procedures
'46258',81,(81) hemorrhoid procedures
'46260',81,(81) hemorrhoid procedures
'46261',81,(81) hemorrhoid procedures
'46262',81,(81) hemorrhoid procedures
'46270',96,(96) other or lower gi therapeutic procedures
'46320',81,(81) hemorrhoid procedures
'46606',77,(77) proctoscopy and anorectal biopsy
'46607',77,(77) proctoscopy and anorectal biopsy
'46608',229,(229) nonoperative removal of foreign body
'46610',77,(77) proctoscopy and anorectal biopsy
'46611',77,(77) proctoscopy and anorectal biopsy
'46612',77,(77) proctoscopy and anorectal biopsy
'46614',77,(77) proctoscopy and anorectal biopsy
'46615',77,(77) proctoscopy and anorectal biopsy
'46754',96,(96) other or lower gi therapeutic procedures
'46922',95,(95) other non-or lower gi therapeutic procedures
'46930',81,(81) hemorrhoid procedures
'46940',95,(95) other non-or lower gi therapeutic procedures
'46942',95,(95) other non-or lower gi therapeutic procedures
'46945',81,(81) hemorrhoid procedures
'46946',81,(81) hemorrhoid procedures
'46947',81,(81) hemorrhoid procedures
'47100',83,(83) biopsy of liver
'47382',99,(99) other or gastrointestinal therapeutic procedures
'47383',99,(99) other or gastrointestinal therapeutic procedures
'47490',99,(99) other or gastrointestinal therapeutic procedures
'47510',99,(99) other or gastrointestinal therapeutic procedures
'47511',99,(99) other or gastrointestinal therapeutic procedures
'47533',99,(99) other or gastrointestinal therapeutic procedures
'47534',99,(99) other or gastrointestinal therapeutic procedures
'47535',99,(99) other or gastrointestinal therapeutic procedures
'47538',99,(99) other or gastrointestinal therapeutic procedures
'47539',99,(99) other or gastrointestinal therapeutic procedures
'47540',99,(99) other or gastrointestinal therapeutic procedures
'47552',97,(97) other gastrointestinal diagnostic procedures
'47553',97,(97) other gastrointestinal diagnostic procedures
'47554',99,(99) other or gastrointestinal therapeutic procedures
'47555',99,(99) other or gastrointestinal therapeutic procedures
'47556',99,(99) other or gastrointestinal therapeutic procedures
'47560',97,(97) other gastrointestinal diagnostic procedures
'47561',97,(97) other gastrointestinal diagnostic procedures
'47630',84,(84) cholecystectomy and common duct exploration
'48100',97,(97) other gastrointestinal diagnostic procedures
'48511',99,(99) other or gastrointestinal therapeutic procedures
'49082',88,(88) abdominal paracentesis
'49083',88,(88) abdominal paracentesis
'49185',99,(99) other or gastrointestinal therapeutic procedures
'49320',87,(87) laparoscopy
'49321',87,(87) laparoscopy
'49400',97,(97) other gastrointestinal diagnostic procedures
'49411',98,(98) other non-or gastrointestinal therapeutic procedures
'49418',99,(99) other or gastrointestinal therapeutic procedures
'49419',99,(99) other or gastrointestinal therapeutic procedures
'49420',99,(99) other or gastrointestinal therapeutic procedures
'49436',99,(99) other or gastrointestinal therapeutic procedures
'49440',71,"(71) gastrostomy, temporary and permanent"
'49441',73,(73) ileostomy and other enterostomy
'49442',73,(73) ileostomy and other enterostomy
'49446',73,(73) ileostomy and other enterostomy
'49465',226,(226) other diagnostic radiology and related techniques
'50021',103,(103) nephrotomy and nephrostomy
'50080',103,(103) nephrotomy and nephrostomy
'50081',103,(103) nephrotomy and nephrostomy
'50205',110,(110) other diagnostic procedures of urinary tract
'50382',111,(111) other non-or therapeutic procedures of urinary tract
'50385',111,(111) other non-or therapeutic procedures of urinary tract
'50386',111,(111) other non-or therapeutic procedures of urinary tract
'50387',111,(111) other non-or therapeutic procedures of urinary tract
'50390',111,(111) other non-or therapeutic procedures of urinary tract
'50392',112,(112) other or therapeutic procedures of urinary tract
'50393',102,(102) ureteral catheterization
'50395',103,(103) nephrotomy and nephrostomy
'50432',103,(103) nephrotomy and nephrostomy
'50433',103,(103) nephrotomy and nephrostomy
'50553',100,(100) endoscopy and endoscopic biopsy of the urinary tract
'50555',100,(100) endoscopy and endoscopic biopsy of the urinary tract
'50557',112,(112) other or therapeutic procedures of urinary tract
'50561',101,"(101) transurethral excision, drainage, or removal urinary obstruction"
'50562',112,(112) other or therapeutic procedures of urinary tract
'50572',102,(102) ureteral catheterization
'50574',100,(100) endoscopy and endoscopic biopsy of the urinary tract
'50575',112,(112) other or therapeutic procedures of urinary tract
'50576',112,(112) other or therapeutic procedures of urinary tract
'50580',101,"(101) transurethral excision, drainage, or removal urinary obstruction"
'50592',111,(111) other non-or therapeutic procedures of urinary tract
'50593',112,(112) other or therapeutic procedures of urinary tract
'50600',112,(112) other or therapeutic procedures of urinary tract
'50690',200,(200) nonoperative urinary system measurements
'50694',102,(102) ureteral catheterization
'50695',102,(102) ureteral catheterization
'50951',100,(100) endoscopy and endoscopic biopsy of the urinary tract
'50953',102,(102) ureteral catheterization
'50955',100,(100) endoscopy and endoscopic biopsy of the urinary tract
'50957',101,"(101) transurethral excision, drainage, or removal urinary obstruction"
'50961',101,"(101) transurethral excision, drainage, or removal urinary obstruction"
'50972',102,(102) ureteral catheterization
'50974',100,(100) endoscopy and endoscopic biopsy of the urinary tract
'50976',101,"(101) transurethral excision, drainage, or removal urinary obstruction"
'50980',101,"(101) transurethral excision, drainage, or removal urinary obstruction"
'51000',111,(111) other non-or therapeutic procedures of urinary tract
'51005',112,(112) other or therapeutic procedures of urinary tract
'51010',112,(112) other or therapeutic procedures of urinary tract
'51080',112,(112) other or therapeutic procedures of urinary tract
'51100',111,(111) other non-or therapeutic procedures of urinary tract
'51101',112,(112) other or therapeutic procedures of urinary tract
'51715',106,(106) genitourinary incontinence procedures
'52005',102,(102) ureteral catheterization
'52007',100,(100) endoscopy and endoscopic biopsy of the urinary tract
'52204',100,(100) endoscopy and endoscopic biopsy of the urinary tract
'52214',101,"(101) transurethral excision, drainage, or removal urinary obstruction"
'52224',101,"(101) transurethral excision, drainage, or removal urinary obstruction"
'52234',101,"(101) transurethral excision, drainage, or removal urinary obstruction"
'52235',101,"(101) transurethral excision, drainage, or removal urinary obstruction"
'52240',101,"(101) transurethral excision, drainage, or removal urinary obstruction"
'52250',112,(112) other or therapeutic procedures of urinary tract
'52277',109,(109) procedures on the urethra
'52281',109,(109) procedures on the urethra
'52282',109,(109) procedures on the urethra
'52283',109,(109) procedures on the urethra
'52285',109,(109) procedures on the urethra
'52287',112,(112) other or therapeutic procedures of urinary tract
'52290',109,(109) procedures on the urethra
'52300',101,"(101) transurethral excision, drainage, or removal urinary obstruction"
'52301',101,"(101) transurethral excision, drainage, or removal urinary obstruction"
'52305',101,"(101) transurethral excision, drainage, or removal urinary obstruction"
'52310',101,"(101) transurethral excision, drainage, or removal urinary obstruction"
'52317',112,(112) other or therapeutic procedures of urinary tract
'52318',112,(112) other or therapeutic procedures of urinary tract
'52320',101,"(101) transurethral excision, drainage, or removal urinary obstruction"
'52325',101,"(101) transurethral excision, drainage, or removal urinary obstruction"
'52327',112,(112) other or therapeutic procedures of urinary tract
'52330',101,"(101) transurethral excision, drainage, or removal urinary obstruction"
'52332',102,(102) ureteral catheterization
'52334',103,(103) nephrotomy and nephrostomy
'52341',101,"(101) transurethral excision, drainage, or removal urinary obstruction"
'52342',101,"(101) transurethral excision, drainage, or removal urinary obstruction"
'52343',101,"(101) transurethral excision, drainage, or removal urinary obstruction"
'52344',101,"(101) transurethral excision, drainage, or removal urinary obstruction"
'52345',101,"(101) transurethral excision, drainage, or removal urinary obstruction"
'52346',101,"(101) transurethral excision, drainage, or removal urinary obstruction"
'52352',101,"(101) transurethral excision, drainage, or removal urinary obstruction"
'52353',107,"(107) extracorporeal lithotripsy, urinary"
'52354',100,(100) endoscopy and endoscopic biopsy of the urinary tract
'52355',112,(112) other or therapeutic procedures of urinary tract
'52356',107,"(107) extracorporeal lithotripsy, urinary"
'52400',109,(109) procedures on the urethra
'52402',118,"(118) other or therapeutic procedures, male genital"
'52441',109,(109) procedures on the urethra
'52450',118,"(118) other or therapeutic procedures, male genital"
'52500',101,"(101) transurethral excision, drainage, or removal urinary obstruction"
'52700',118,"(118) other or therapeutic procedures, male genital"
'53040',109,(109) procedures on the urethra
'53060',109,(109) procedures on the urethra
'53080',112,(112) other or therapeutic procedures of urinary tract
'53085',112,(112) other or therapeutic procedures of urinary tract
'53600',109,(109) procedures on the urethra
'53601',109,(109) procedures on the urethra
'53605',109,(109) procedures on the urethra
'53620',109,(109) procedures on the urethra
'53621',109,(109) procedures on the urethra
'53850',113,(113) transurethral resection of prostate (turp)
'53852',113,(113) transurethral resection of prostate (turp)
'53855',109,(109) procedures on the urethra
'53860',109,(109) procedures on the urethra
'54000',117,"(117) other non-or therapeutic procedures, male genital"
'54001',117,"(117) other non-or therapeutic procedures, male genital"
'54015',118,"(118) other or therapeutic procedures, male genital"
'54060',118,"(118) other or therapeutic procedures, male genital"
'54100',116,"(116) diagnostic procedures, male genital"
'54105',116,"(116) diagnostic procedures, male genital"
'54150',115,(115) circumcision
'54152',115,(115) circumcision
'54160',115,(115) circumcision
'54161',115,(115) circumcision
'54162',118,"(118) other or therapeutic procedures, male genital"
'54163',115,(115) circumcision
'54164',118,"(118) other or therapeutic procedures, male genital"
'54205',118,"(118) other or therapeutic procedures, male genital"
'54437',118,"(118) other or therapeutic procedures, male genital"
'54450',117,"(117) other non-or therapeutic procedures, male genital"
'54505',116,"(116) diagnostic procedures, male genital"
'54700',118,"(118) other or therapeutic procedures, male genital"
'54865',116,"(116) diagnostic procedures, male genital"
'55100',117,"(117) other non-or therapeutic procedures, male genital"
'55110',116,"(116) diagnostic procedures, male genital"
'55120',117,"(117) other non-or therapeutic procedures, male genital"
'55200',117,"(117) other non-or therapeutic procedures, male genital"
'55250',117,"(117) other non-or therapeutic procedures, male genital"
'55300',226,(226) other diagnostic radiology and related techniques
'55450',117,"(117) other non-or therapeutic procedures, male genital"
'55700',116,"(116) diagnostic procedures, male genital"
'55705',116,"(116) diagnostic procedures, male genital"
'55720',118,"(118) other or therapeutic procedures, male genital"
'55725',118,"(118) other or therapeutic procedures, male genital"
'55859',118,"(118) other or therapeutic procedures, male genital"
'55875',117,"(117) other non-or therapeutic procedures, male genital"
'55920',117,"(117) other non-or therapeutic procedures, male genital"
'56405',132,"(132) other or therapeutic procedures, female organs"
'56420',132,"(132) other or therapeutic procedures, female organs"
'56605',130,"(130) other diagnostic procedures, female organs"
'56821',130,"(130) other diagnostic procedures, female organs"
'57010',132,"(132) other or therapeutic procedures, female organs"
'57022',141,(141) other therapeutic obstetrical procedures
'57023',132,"(132) other or therapeutic procedures, female organs"
'57100',130,"(130) other diagnostic procedures, female organs"
'57105',130,"(130) other diagnostic procedures, female organs"
'57155',132,"(132) other or therapeutic procedures, female organs"
'57156',131,"(131) other non-or therapeutic procedures, female organs"
'57415',229,(229) nonoperative removal of foreign body
'57421',130,"(130) other diagnostic procedures, female organs"
'57454',130,"(130) other diagnostic procedures, female organs"
'57455',130,"(130) other diagnostic procedures, female organs"
'57456',130,"(130) other diagnostic procedures, female organs"
'57460',130,"(130) other diagnostic procedures, female organs"
'57461',125,(125) other excision of cervix and uterus
'57500',130,"(130) other diagnostic procedures, female organs"
'57505',132,"(132) other or therapeutic procedures, female organs"
'57510',125,(125) other excision of cervix and uterus
'57520',125,(125) other excision of cervix and uterus
'57522',125,(125) other excision of cervix and uterus
'57558',125,(125) other excision of cervix and uterus
'57820',128,(128) diagnostic dilatation and curettage (d&c)
'58100',130,"(130) other diagnostic procedures, female organs"
'58120',128,(128) diagnostic dilatation and curettage (d&c)
'58340',130,"(130) other diagnostic procedures, female organs"
'58345',123,(123) other operations on fallopian tubes
'58346',132,"(132) other or therapeutic procedures, female organs"
'58350',123,(123) other operations on fallopian tubes
'58353',125,(125) other excision of cervix and uterus
'58356',125,(125) other excision of cervix and uterus
'58558',130,"(130) other diagnostic procedures, female organs"
'58559',125,(125) other excision of cervix and uterus
'58560',125,(125) other excision of cervix and uterus
'58561',125,(125) other excision of cervix and uterus
'58562',229,(229) nonoperative removal of foreign body
'58563',125,(125) other excision of cervix and uterus
'58565',123,(123) other operations on fallopian tubes
'58800',120,(120) other operations on ovary
'58900',130,"(130) other diagnostic procedures, female organs"
'59001',141,(141) other therapeutic obstetrical procedures
'59072',141,(141) other therapeutic obstetrical procedures
'59074',141,(141) other therapeutic obstetrical procedures
'59160',127,"(127) dilatation and curettage (d&c), aspiration after delivery or abortion"
'59300',140,(140) repair of current obstetric laceration
'59400',135,"(135) forceps, vacuum, and breech delivery"
'59409',135,"(135) forceps, vacuum, and breech delivery"
'59410',135,"(135) forceps, vacuum, and breech delivery"
'59412',137,(137) other procedures to assist delivery
'59610',135,"(135) forceps, vacuum, and breech delivery"
'59612',135,"(135) forceps, vacuum, and breech delivery"
'59614',135,"(135) forceps, vacuum, and breech delivery"
'59812',127,"(127) dilatation and curettage (d&c), aspiration after delivery or abortion"
'59820',127,"(127) dilatation and curettage (d&c), aspiration after delivery or abortion"
'59821',127,"(127) dilatation and curettage (d&c), aspiration after delivery or abortion"
'59840',126,(126) abortion (termination of pregnancy)
'59841',126,(126) abortion (termination of pregnancy)
'59866',141,(141) other therapeutic obstetrical procedures
'60000',12,(12) other therapeutic endocrine procedures
'60300',12,(12) other therapeutic endocrine procedures
'61000',1,(1) incision and excision of cns
'61001',1,(1) incision and excision of cns
'61020',1,(1) incision and excision of cns
'61050',1,(1) incision and excision of cns
'61055',1,(1) incision and excision of cns
'61070',8,(8) other non-or or closed therapeutic nervous system procedures
'61790',9,(9) other or therapeutic nervous system procedures
'61791',9,(9) other or therapeutic nervous system procedures
'62263',5,(5) insertion of catheter or spinal stimulator and injection into spinal canal
'62264',5,(5) insertion of catheter or spinal stimulator and injection into spinal canal
'62267',7,(7) other diagnostic nervous system procedures
'62268',9,(9) other or therapeutic nervous system procedures
'62269',7,(7) other diagnostic nervous system procedures
'62287',3,"(3) laminectomy, excision intervertebral disc"
'62294',9,(9) other or therapeutic nervous system procedures
'62350',5,(5) insertion of catheter or spinal stimulator and injection into spinal canal
'62351',3,"(3) laminectomy, excision intervertebral disc"
'62360',9,(9) other or therapeutic nervous system procedures
'62361',9,(9) other or therapeutic nervous system procedures
'62362',9,(9) other or therapeutic nervous system procedures
'62365',9,(9) other or therapeutic nervous system procedures
'62380',3,"(3) laminectomy, excision intervertebral disc"
'63600',5,(5) insertion of catheter or spinal stimulator and injection into spinal canal
'63610',5,(5) insertion of catheter or spinal stimulator and injection into spinal canal
'63615',9,(9) other or therapeutic nervous system procedures
'63650',5,(5) insertion of catheter or spinal stimulator and injection into spinal canal
'63660',5,(5) insertion of catheter or spinal stimulator and injection into spinal canal
'63662',5,(5) insertion of catheter or spinal stimulator and injection into spinal canal
'63663',5,(5) insertion of catheter or spinal stimulator and injection into spinal canal
'63664',5,(5) insertion of catheter or spinal stimulator and injection into spinal canal
'63685',5,(5) insertion of catheter or spinal stimulator and injection into spinal canal
'63688',5,(5) insertion of catheter or spinal stimulator and injection into spinal canal
'64553',9,(9) other or therapeutic nervous system procedures
'64555',9,(9) other or therapeutic nervous system procedures
'64560',9,(9) other or therapeutic nervous system procedures
'64561',9,(9) other or therapeutic nervous system procedures
'64565',9,(9) other or therapeutic nervous system procedures
'64566',9,(9) other or therapeutic nervous system procedures
'64570',9,(9) other or therapeutic nervous system procedures
'64795',7,(7) other diagnostic nervous system procedures
'65205',229,(229) nonoperative removal of foreign body
'65210',19,"(19) other therapeutic procedures on eyelids, conjunctiva, cornea"
'65220',229,(229) nonoperative removal of foreign body
'65222',229,(229) nonoperative removal of foreign body
'65270',19,"(19) other therapeutic procedures on eyelids, conjunctiva, cornea"
'65272',19,"(19) other therapeutic procedures on eyelids, conjunctiva, cornea"
'65275',19,"(19) other therapeutic procedures on eyelids, conjunctiva, cornea"
'65286',19,"(19) other therapeutic procedures on eyelids, conjunctiva, cornea"
'65410',18,(18) diagnostic procedures on eye
'65435',19,"(19) other therapeutic procedures on eyelids, conjunctiva, cornea"
'65436',19,"(19) other therapeutic procedures on eyelids, conjunctiva, cornea"
'65450',19,"(19) other therapeutic procedures on eyelids, conjunctiva, cornea"
'65800',18,(18) diagnostic procedures on eye
'66174',14,(14) glaucoma procedures
'66175',14,(14) glaucoma procedures
'66179',14,(14) glaucoma procedures
'67101',16,"(16) repair of retinal tear, detachment"
'67105',16,"(16) repair of retinal tear, detachment"
'67141',16,"(16) repair of retinal tear, detachment"
'67145',16,"(16) repair of retinal tear, detachment"
'67346',18,(18) diagnostic procedures on eye
'67350',18,(18) diagnostic procedures on eye
'67400',18,(18) diagnostic procedures on eye
'67405',21,(21) other extraocular muscle and orbit therapeutic procedures
'67415',18,(18) diagnostic procedures on eye
'67450',18,(18) diagnostic procedures on eye
'67700',19,"(19) other therapeutic procedures on eyelids, conjunctiva, cornea"
'67710',19,"(19) other therapeutic procedures on eyelids, conjunctiva, cornea"
'67810',18,(18) diagnostic procedures on eye
'67830',19,"(19) other therapeutic procedures on eyelids, conjunctiva, cornea"
'67835',19,"(19) other therapeutic procedures on eyelids, conjunctiva, cornea"
'67840',19,"(19) other therapeutic procedures on eyelids, conjunctiva, cornea"
'67850',19,"(19) other therapeutic procedures on eyelids, conjunctiva, cornea"
'67930',19,"(19) other therapeutic procedures on eyelids, conjunctiva, cornea"
'67935',19,"(19) other therapeutic procedures on eyelids, conjunctiva, cornea"
'67938',19,"(19) other therapeutic procedures on eyelids, conjunctiva, cornea"
'68020',19,"(19) other therapeutic procedures on eyelids, conjunctiva, cornea"
'68040',19,"(19) other therapeutic procedures on eyelids, conjunctiva, cornea"
'68100',18,(18) diagnostic procedures on eye
'68135',19,"(19) other therapeutic procedures on eyelids, conjunctiva, cornea"
'68400',19,"(19) other therapeutic procedures on eyelids, conjunctiva, cornea"
'68420',19,"(19) other therapeutic procedures on eyelids, conjunctiva, cornea"
'68510',18,(18) diagnostic procedures on eye
'68525',18,(18) diagnostic procedures on eye
'69000',26,(26) other therapeutic ear procedures
'69005',26,(26) other therapeutic ear procedures
'69020',26,(26) other therapeutic ear procedures
'69110',26,(26) other therapeutic ear procedures
'69205',26,(26) other therapeutic ear procedures
'69220',169,"(169) debridement of wound, infection or burn"
'69300',26,(26) other therapeutic ear procedures
'69420',23,(23) myringotomy
'69421',23,(23) myringotomy
'69433',23,(23) myringotomy
'69440',23,(23) myringotomy
'69450',26,(26) other therapeutic ear procedures
'69540',26,(26) other therapeutic ear procedures
'69550',26,(26) other therapeutic ear procedures
'69610',22,(22) tympanoplasty
'69620',22,(22) tympanoplasty
'69801',26,(26) other therapeutic ear procedures